t (min),t (h),Masa (g),Masa (%),Pérdida (mg),Velocidad (mg/h)
0,0.0,8.8019,100.0,0.0,0.0
15,0.25,8.802,100.0011,-0.1,-0.4
30,0.5,8.8008,99.9875,1.1,4.8
45,0.75,8.7993,99.9705,2.6,6.0
60,1.0,8.799,99.9671,2.9,1.2
75,1.25,8.7989,99.9659,3.0,0.4
129,2.15,8.7988,99.9648,3.1,0.11
149,2.4833,8.7999,99.9773,2.0,-3.3
169,2.8167,8.7985,99.9614,3.4,4.2
192,3.2,8.7988,99.9648,3.1,-0.78
209,3.4833,8.7976,99.9511,4.3,4.24
227,3.7833,8.7964,99.9375,5.5,4.0
244,4.0667,8.7958,99.9307,6.1,2.12
255,4.25,8.7964,99.9375,5.5,-3.27
